-- 1. POPULATE DIM_DATE (Jan 2024)
INSERT INTO dim_date (date_key, full_date, day_of_week, day_of_month, month, month_name, quarter, year, is_weekend) VALUES
(20240101, '2024-01-01', 'Monday', 1, 1, 'January', 'Q1', 2024, 0),
(20240102, '2024-01-02', 'Tuesday', 2, 1, 'January', 'Q1', 2024, 0),
(20240103, '2024-01-03', 'Wednesday', 3, 1, 'January', 'Q1', 2024, 0),
(20240104, '2024-01-04', 'Thursday', 4, 1, 'January', 'Q1', 2024, 0),
(20240105, '2024-01-05', 'Friday', 5, 1, 'January', 'Q1', 2024, 0),
(20240106, '2024-01-06', 'Saturday', 6, 1, 'January', 'Q1', 2024, 1),
(20240107, '2024-01-07', 'Sunday', 7, 1, 'January', 'Q1', 2024, 1),
(20240108, '2024-01-08', 'Monday', 8, 1, 'January', 'Q1', 2024, 0),
(20240109, '2024-01-09', 'Tuesday', 9, 1, 'January', 'Q1', 2024, 0),
(20240110, '2024-01-10', 'Wednesday', 10, 1, 'January', 'Q1', 2024, 0),
(20240111, '2024-01-11', 'Thursday', 11, 1, 'January', 'Q1', 2024, 0),
(20240112, '2024-01-12', 'Friday', 12, 1, 'January', 'Q1', 2024, 0),
(20240113, '2024-01-13', 'Saturday', 13, 1, 'January', 'Q1', 2024, 1),
(20240114, '2024-01-14', 'Sunday', 14, 1, 'January', 'Q1', 2024, 1),
(20240115, '2024-01-15', 'Monday', 15, 1, 'January', 'Q1', 2024, 0),
(20240116, '2024-01-16', 'Tuesday', 16, 1, 'January', 'Q1', 2024, 0),
(20240117, '2024-01-17', 'Wednesday', 17, 1, 'January', 'Q1', 2024, 0),
(20240118, '2024-01-18', 'Thursday', 18, 1, 'January', 'Q1', 2024, 0),
(20240119, '2024-01-19', 'Friday', 19, 1, 'January', 'Q1', 2024, 0),
(20240120, '2024-01-20', 'Saturday', 20, 1, 'January', 'Q1', 2024, 1),
(20240121, '2024-01-21', 'Sunday', 21, 1, 'January', 'Q1', 2024, 1),
(20240122, '2024-01-22', 'Monday', 22, 1, 'January', 'Q1', 2024, 0),
(20240123, '2024-01-23', 'Tuesday', 23, 1, 'January', 'Q1', 2024, 0),
(20240124, '2024-01-24', 'Wednesday', 24, 1, 'January', 'Q1', 2024, 0),
(20240125, '2024-01-25', 'Thursday', 25, 1, 'January', 'Q1', 2024, 0),
(20240126, '2024-01-26', 'Friday', 26, 1, 'January', 'Q1', 2024, 0),
(20240127, '2024-01-27', 'Saturday', 27, 1, 'January', 'Q1', 2024, 1),
(20240128, '2024-01-28', 'Sunday', 28, 1, 'January', 'Q1', 2024, 1),
(20240129, '2024-01-29', 'Monday', 29, 1, 'January', 'Q1', 2024, 0),
(20240130, '2024-01-30', 'Tuesday', 30, 1, 'January', 'Q1', 2024, 0);

-- 2. POPULATE DIM_PRODUCT (15 Items)
INSERT INTO dim_product (product_id, product_name, category, subcategory, unit_price) VALUES
('ELEC001', 'Samsung Galaxy S21', 'Electronics', 'Smartphones', 45000.0),
('ELEC002', 'Dell XPS 13', 'Electronics', 'Laptops', 95000.0),
('ELEC003', 'Sony WH-1000XM5', 'Electronics', 'Audio', 25000.0),
('ELEC004', 'Logitech MX Master', 'Electronics', 'Accessories', 9000.0),
('ELEC005', 'Apple iPad Air', 'Electronics', 'Tablets', 55000.0),
('FASH001', 'Nike Air Max', 'Fashion', 'Footwear', 8500.0),
('FASH002', 'Levis 501 Jeans', 'Fashion', 'Clothing', 3500.0),
('FASH003', 'Zara Summer Dress', 'Fashion', 'Clothing', 2900.0),
('FASH004', 'Ray-Ban Aviator', 'Fashion', 'Accessories', 6500.0),
('FASH005', 'Adidas Jacket', 'Fashion', 'Clothing', 4500.0),
('HOME001', 'Philips Air Fryer', 'Home', 'Kitchen Appliances', 8000.0),
('HOME002', 'Dyson Vacuum', 'Home', 'Appliances', 35000.0),
('HOME003', 'Milton Water Bottle', 'Home', 'Kitchenware', 800.0),
('HOME004', 'Prestige Cooker', 'Home', 'Cookware', 2500.0),
('HOME005', 'Sleepwell Mattress', 'Home', 'Furniture', 15000.0);

-- 3. POPULATE DIM_CUSTOMER (12 Customers)
INSERT INTO dim_customer (customer_id, customer_name, city, state, customer_segment) VALUES
('C001', 'Rahul Sharma', 'Bangalore', 'Karnataka', 'Regular'),
('C002', 'Priya Patel', 'Mumbai', 'Maharashtra', 'Premium'),
('C003', 'Amit Kumar', 'Delhi', 'Delhi', 'Regular'),
('C004', 'Sneha Reddy', 'Hyderabad', 'Telangana', 'New'),
('C005', 'Vikram Singh', 'Chennai', 'Tamil Nadu', 'Regular'),
('C006', 'Anjali Mehta', 'Bangalore', 'Karnataka', 'Premium'),
('C007', 'Ravi Verma', 'Pune', 'Maharashtra', 'Regular'),
('C008', 'Pooja Iyer', 'Bangalore', 'Karnataka', 'New'),
('C009', 'Karthik Nair', 'Kochi', 'Kerala', 'Regular'),
('C010', 'Deepa Gupta', 'Delhi', 'Delhi', 'Premium'),
('C011', 'Arjun Rao', 'Hyderabad', 'Telangana', 'Regular'),
('C012', 'Meera Sen', 'Kolkata', 'West Bengal', 'New');

-- 4. POPULATE FACT_SALES (40 Transactions)
INSERT INTO fact_sales (date_key, product_key, customer_key, quantity_sold, unit_price, discount_amount, total_amount) VALUES
(20240121, 2, 1, 3, 95000.0, 14250.00, 270750.00),
(20240108, 4, 3, 3, 9000.0, 1350.00, 25650.00),
(20240104, 11, 12, 3, 8000.0, 1200.00, 22800.00),
(20240103, 10, 7, 1, 4500.0, 0.00, 4500.00),
(20240101, 2, 4, 1, 95000.0, 0.00, 95000.00),
(20240117, 10, 1, 3, 4500.0, 675.00, 12825.00),
(20240107, 12, 11, 5, 35000.0, 8750.00, 166250.00),
(20240114, 4, 8, 3, 9000.0, 1350.00, 25650.00),
(20240126, 14, 1, 4, 2500.0, 500.00, 9500.00),
(20240111, 5, 3, 1, 55000.0, 0.00, 55000.00),
(20240125, 6, 2, 1, 8500.0, 0.00, 8500.00),
(20240113, 2, 6, 5, 95000.0, 23750.00, 451250.00),
(20240109, 13, 1, 3, 800.0, 120.00, 2280.00),
(20240115, 9, 2, 2, 6500.0, 0.00, 13000.00),
(20240103, 9, 5, 3, 6500.0, 975.00, 18525.00),
(20240120, 15, 6, 2, 15000.0, 0.00, 30000.00),
(20240123, 2, 1, 3, 95000.0, 14250.00, 270750.00),
(20240108, 13, 5, 1, 800.0, 0.00, 800.00),
(20240128, 4, 2, 3, 9000.0, 1350.00, 25650.00),
(20240115, 11, 6, 1, 8000.0, 0.00, 8000.00),
(20240112, 6, 4, 3, 8500.0, 1275.00, 24225.00),
(20240123, 15, 11, 3, 15000.0, 2250.00, 42750.00),
(20240103, 10, 11, 1, 4500.0, 0.00, 4500.00),
(20240118, 12, 4, 1, 35000.0, 0.00, 35000.00),
(20240115, 7, 5, 3, 3500.0, 525.00, 9975.00),
(20240123, 9, 4, 3, 6500.0, 975.00, 18525.00),
(20240111, 14, 1, 1, 2500.0, 0.00, 2500.00),
(20240127, 1, 6, 3, 45000.0, 6750.00, 128250.00),
(20240103, 4, 10, 3, 9000.0, 1350.00, 25650.00),
(20240111, 4, 11, 2, 9000.0, 0.00, 18000.00),
(20240113, 15, 11, 2, 15000.0, 0.00, 30000.00),
(20240109, 3, 4, 3, 25000.0, 3750.00, 71250.00),
(20240118, 9, 5, 3, 6500.0, 975.00, 18525.00),
(20240119, 7, 10, 3, 3500.0, 525.00, 9975.00),
(20240108, 3, 9, 2, 25000.0, 0.00, 50000.00),
(20240103, 13, 1, 1, 800.0, 0.00, 800.00),
(20240105, 11, 3, 4, 8000.0, 1600.00, 30400.00),
(20240120, 2, 7, 5, 95000.0, 23750.00, 451250.00),
(20240115, 9, 5, 3, 6500.0, 975.00, 18525.00),
(20240128, 1, 11, 1, 45000.0, 0.00, 45000.00);